round,client,accuracy,macro_precision,macro_recall,macro_f1,micro_precision,micro_recall,micro_f1,tp,fp,tn,fn,group_0_tp,group_0_fp,group_0_tn,group_0_fn,group_0_positive_rate,group_0_true_positive_rate,group_1_tp,group_1_fp,group_1_tn,group_1_fn,group_1_positive_rate,group_1_true_positive_rate,statistical_parity_difference,equal_opportunity_difference
1,0,0.6327,0.31635,0.5,0.38752,0.6327,0.6327,0.6327,0.0,0.0,5638.0,3273.0,0.0,0.0,3098.0,131.0,0.0,0.0,0.0,0.0,2540.0,3142.0,0.0,0.0,0.0,0.0
1,1,0.65503,0.64584,0.656,0.64471,0.65503,0.65503,0.65503,2159.0,1960.0,3678.0,1114.0,48.0,642.0,2456.0,83.0,0.21369,0.36641,2111.0,1318.0,1222.0,1031.0,0.60348,0.67187,0.3898,0.30545
2,0,0.6327,0.31635,0.5,0.38752,0.6327,0.6327,0.6327,0.0,0.0,5638.0,3273.0,0.0,0.0,3098.0,131.0,0.0,0.0,0.0,0.0,2540.0,3142.0,0.0,0.0,0.0,0.0
2,1,0.65874,0.66144,0.6736,0.65351,0.65874,0.65874,0.65874,2388.0,2156.0,3482.0,885.0,58.0,667.0,2431.0,73.0,0.22453,0.44275,2330.0,1489.0,1051.0,812.0,0.67212,0.74157,0.44759,0.29882
3,0,0.6327,0.31635,0.5,0.38752,0.6327,0.6327,0.6327,0.0,0.0,5638.0,3273.0,0.0,0.0,3098.0,131.0,0.0,0.0,0.0,0.0,2540.0,3142.0,0.0,0.0,0.0,0.0
3,1,0.62911,0.66705,0.67076,0.62894,0.62911,0.62911,0.62911,2709.0,2741.0,2897.0,564.0,64.0,925.0,2173.0,67.0,0.30629,0.48855,2645.0,1816.0,724.0,497.0,0.78511,0.84182,0.47882,0.35327
4,0,0.6327,0.31635,0.5,0.38752,0.6327,0.6327,0.6327,0.0,0.0,5638.0,3273.0,0.0,0.0,3098.0,131.0,0.0,0.0,0.0,0.0,2540.0,3142.0,0.0,0.0,0.0,0.0
4,1,0.65032,0.67488,0.68367,0.64923,0.65032,0.65032,0.65032,2649.0,2492.0,3146.0,624.0,61.0,771.0,2327.0,70.0,0.25766,0.46565,2588.0,1721.0,819.0,554.0,0.75836,0.82368,0.50069,0.35803
5,0,0.6327,0.31635,0.5,0.38752,0.6327,0.6327,0.6327,0.0,0.0,5638.0,3273.0,0.0,0.0,3098.0,131.0,0.0,0.0,0.0,0.0,2540.0,3142.0,0.0,0.0,0.0,0.0
5,1,0.67501,0.67583,0.68915,0.66946,0.67501,0.67501,0.67501,2430.0,2053.0,3585.0,843.0,56.0,567.0,2531.0,75.0,0.19294,0.42748,2374.0,1486.0,1054.0,768.0,0.67934,0.75557,0.4864,0.32809
6,0,0.6327,0.31635,0.5,0.38752,0.6327,0.6327,0.6327,0.0,0.0,5638.0,3273.0,0.0,0.0,3098.0,131.0,0.0,0.0,0.0,0.0,2540.0,3142.0,0.0,0.0,0.0,0.0
6,1,0.64179,0.67767,0.68264,0.64152,0.64179,0.64179,0.64179,2738.0,2657.0,2981.0,535.0,66.0,853.0,2245.0,65.0,0.28461,0.50382,2672.0,1804.0,736.0,470.0,0.78775,0.85041,0.50314,0.3466
7,0,0.6327,0.31635,0.5,0.38752,0.6327,0.6327,0.6327,0.0,0.0,5638.0,3273.0,0.0,0.0,3098.0,131.0,0.0,0.0,0.0,0.0,2540.0,3142.0,0.0,0.0,0.0,0.0
7,1,0.65099,0.68219,0.68914,0.65046,0.65099,0.65099,0.65099,2726.0,2563.0,3075.0,547.0,65.0,800.0,2298.0,66.0,0.26788,0.49618,2661.0,1763.0,777.0,481.0,0.7786,0.84691,0.51071,0.35073
8,0,0.6327,0.31635,0.5,0.38752,0.6327,0.6327,0.6327,0.0,0.0,5638.0,3273.0,0.0,0.0,3098.0,131.0,0.0,0.0,0.0,0.0,2540.0,3142.0,0.0,0.0,0.0,0.0
8,1,0.65548,0.68298,0.69128,0.65467,0.65548,0.65548,0.65548,2704.0,2501.0,3137.0,569.0,66.0,747.0,2351.0,65.0,0.25178,0.50382,2638.0,1754.0,786.0,504.0,0.77297,0.83959,0.52119,0.33578
9,0,0.6327,0.31635,0.5,0.38752,0.6327,0.6327,0.6327,0.0,0.0,5638.0,3273.0,0.0,0.0,3098.0,131.0,0.0,0.0,0.0,0.0,2540.0,3142.0,0.0,0.0,0.0,0.0
9,1,0.6722,0.68327,0.69603,0.66922,0.6722,0.6722,0.6722,2572.0,2220.0,3418.0,701.0,56.0,590.0,2508.0,75.0,0.20006,0.42748,2516.0,1630.0,910.0,626.0,0.72967,0.80076,0.52961,0.37328
10,0,0.6327,0.31635,0.5,0.38752,0.6327,0.6327,0.6327,0.0,0.0,5638.0,3273.0,0.0,0.0,3098.0,131.0,0.0,0.0,0.0,0.0,2540.0,3142.0,0.0,0.0,0.0,0.0
10,1,0.64763,0.68116,0.68718,0.64723,0.64763,0.64763,0.64763,2737.0,2604.0,3034.0,536.0,65.0,764.0,2334.0,66.0,0.25674,0.49618,2672.0,1840.0,700.0,470.0,0.79409,0.85041,0.53735,0.35423
11,0,0.6327,0.31635,0.5,0.38752,0.6327,0.6327,0.6327,0.0,0.0,5638.0,3273.0,0.0,0.0,3098.0,131.0,0.0,0.0,0.0,0.0,2540.0,3142.0,0.0,0.0,0.0,0.0
11,1,0.68477,0.6894,0.70353,0.68047,0.68477,0.68477,0.68477,2534.0,2070.0,3568.0,739.0,57.0,528.0,2570.0,74.0,0.18117,0.43511,2477.0,1542.0,998.0,665.0,0.70732,0.78835,0.52615,0.35324
12,0,0.6327,0.31635,0.5,0.38752,0.6327,0.6327,0.6327,0.0,0.0,5638.0,3273.0,0.0,0.0,3098.0,131.0,0.0,0.0,0.0,0.0,2540.0,3142.0,0.0,0.0,0.0,0.0
12,1,0.66042,0.69074,0.69845,0.65982,0.66042,0.66042,0.66042,2755.0,2508.0,3130.0,518.0,64.0,693.0,2405.0,67.0,0.23444,0.48855,2691.0,1815.0,725.0,451.0,0.79303,0.85646,0.55859,0.36791
13,0,0.6327,0.31635,0.5,0.38752,0.6327,0.6327,0.6327,0.0,0.0,5638.0,3273.0,0.0,0.0,3098.0,131.0,0.0,0.0,0.0,0.0,2540.0,3142.0,0.0,0.0,0.0,0.0
13,1,0.67097,0.69222,0.70307,0.66954,0.67097,0.67097,0.67097,2697.0,2356.0,3282.0,576.0,62.0,603.0,2495.0,69.0,0.20595,0.47328,2635.0,1753.0,787.0,507.0,0.77226,0.83864,0.56632,0.36536
14,0,0.6327,0.31635,0.5,0.38752,0.6327,0.6327,0.6327,0.0,0.0,5638.0,3273.0,0.0,0.0,3098.0,131.0,0.0,0.0,0.0,0.0,2540.0,3142.0,0.0,0.0,0.0,0.0
14,1,0.69005,0.69241,0.70693,0.68521,0.69005,0.69005,0.69005,2522.0,2011.0,3627.0,751.0,51.0,452.0,2646.0,80.0,0.15578,0.38931,2471.0,1559.0,981.0,671.0,0.70926,0.78644,0.55348,0.39713
15,0,0.6327,0.31635,0.5,0.38752,0.6327,0.6327,0.6327,0.0,0.0,5638.0,3273.0,0.0,0.0,3098.0,131.0,0.0,0.0,0.0,0.0,2540.0,3142.0,0.0,0.0,0.0,0.0
15,1,0.69667,0.68865,0.70204,0.68806,0.69667,0.69667,0.69667,2364.0,1794.0,3844.0,909.0,50.0,395.0,2703.0,81.0,0.13781,0.38168,2314.0,1399.0,1141.0,828.0,0.65347,0.73647,0.51565,0.35479
16,0,0.6327,0.31635,0.5,0.38752,0.6327,0.6327,0.6327,0.0,0.0,5638.0,3273.0,0.0,0.0,3098.0,131.0,0.0,0.0,0.0,0.0,2540.0,3142.0,0.0,0.0,0.0,0.0
16,1,0.69835,0.68867,0.70157,0.68893,0.69835,0.69835,0.69835,2336.0,1751.0,3887.0,937.0,39.0,363.0,2735.0,92.0,0.1245,0.29771,2297.0,1388.0,1152.0,845.0,0.64854,0.73106,0.52404,0.43335
17,0,0.6327,0.31635,0.5,0.38752,0.6327,0.6327,0.6327,0.0,0.0,5638.0,3273.0,0.0,0.0,3098.0,131.0,0.0,0.0,0.0,0.0,2540.0,3142.0,0.0,0.0,0.0,0.0
17,1,0.69487,0.69371,0.70837,0.68902,0.69487,0.69487,0.69487,2485.0,1931.0,3707.0,788.0,48.0,422.0,2676.0,83.0,0.14556,0.36641,2437.0,1509.0,1031.0,705.0,0.69447,0.77562,0.54892,0.40921
18,0,0.6327,0.31635,0.5,0.38752,0.6327,0.6327,0.6327,0.0,0.0,5638.0,3273.0,0.0,0.0,3098.0,131.0,0.0,0.0,0.0,0.0,2540.0,3142.0,0.0,0.0,0.0,0.0
18,1,0.63248,0.68633,0.68374,0.63243,0.63248,0.63248,0.63248,2870.0,2872.0,2766.0,403.0,72.0,906.0,2192.0,59.0,0.30288,0.54962,2798.0,1966.0,574.0,344.0,0.83844,0.89052,0.53556,0.3409
19,0,0.6327,0.31635,0.5,0.38752,0.6327,0.6327,0.6327,0.0,0.0,5638.0,3273.0,0.0,0.0,3098.0,131.0,0.0,0.0,0.0,0.0,2540.0,3142.0,0.0,0.0,0.0,0.0
19,1,0.66525,0.6953,0.70335,0.66462,0.66525,0.66525,0.66525,2772.0,2482.0,3156.0,501.0,58.0,655.0,2443.0,73.0,0.22081,0.44275,2714.0,1827.0,713.0,428.0,0.79919,0.86378,0.57838,0.42103
20,0,0.6327,0.31635,0.5,0.38752,0.6327,0.6327,0.6327,0.0,0.0,5638.0,3273.0,0.0,0.0,3098.0,131.0,0.0,0.0,0.0,0.0,2540.0,3142.0,0.0,0.0,0.0,0.0
20,1,0.65346,0.68019,0.68859,0.65258,0.65346,0.65346,0.65346,2687.0,2502.0,3136.0,586.0,64.0,742.0,2356.0,67.0,0.24961,0.48855,2623.0,1760.0,780.0,519.0,0.77138,0.83482,0.52177,0.34627
