round,client,accuracy,macro_precision,macro_recall,macro_f1,micro_precision,micro_recall,micro_f1
1,0,0.41667,0.33333,0.13889,0.19608,0.41667,0.41667,0.41667
1,1,0.12273,0.1342,0.33302,0.09412,0.12273,0.12273,0.12273
2,0,0.83333,0.5,0.41667,0.45455,0.83333,0.83333,0.83333
2,1,0.49327,0.32458,0.36591,0.34207,0.49327,0.49327,0.49327
3,0,0.83333,0.5,0.41667,0.45455,0.83333,0.83333,0.83333
3,1,0.41257,0.31871,0.34951,0.28134,0.41257,0.41257,0.41257
4,0,0.83333,0.5,0.41667,0.45455,0.83333,0.83333,0.83333
4,1,0.39377,0.3196,0.34545,0.25584,0.39377,0.39377,0.39377
5,0,0.83333,0.5,0.41667,0.45455,0.83333,0.83333,0.83333
5,1,0.53998,0.36428,0.33502,0.23891,0.53998,0.53998,0.53998
6,0,0.83333,0.5,0.41667,0.45455,0.83333,0.83333,0.83333
6,1,0.54035,0.35311,0.3357,0.2414,0.54035,0.54035,0.54035
7,0,0.83333,0.5,0.41667,0.45455,0.83333,0.83333,0.83333
7,1,0.5401,0.3443,0.33609,0.24403,0.5401,0.5401,0.5401
8,0,0.83333,0.5,0.41667,0.45455,0.83333,0.83333,0.83333
8,1,0.54121,0.34093,0.34001,0.2598,0.54121,0.54121,0.54121
9,0,0.83333,0.5,0.41667,0.45455,0.83333,0.83333,0.83333
9,1,0.44957,0.31469,0.35285,0.31753,0.44957,0.44957,0.44957
10,0,0.83333,0.5,0.41667,0.45455,0.83333,0.83333,0.83333
10,1,0.54121,0.3511,0.33753,0.24816,0.54121,0.54121,0.54121
11,0,0.83333,0.5,0.41667,0.45455,0.83333,0.83333,0.83333
11,1,0.54182,0.34121,0.34181,0.26607,0.54182,0.54182,0.54182
12,0,0.83333,0.5,0.41667,0.45455,0.83333,0.83333,0.83333
12,1,0.40415,0.36902,0.34975,0.27654,0.40415,0.40415,0.40415
13,0,0.83333,0.5,0.41667,0.45455,0.83333,0.83333,0.83333
13,1,0.44589,0.31002,0.3481,0.31483,0.44589,0.44589,0.44589
14,0,0.83333,0.5,0.41667,0.45455,0.83333,0.83333,0.83333
14,1,0.5079,0.32417,0.36464,0.34316,0.5079,0.5079,0.5079
15,0,0.83333,0.5,0.41667,0.45455,0.83333,0.83333,0.83333
15,1,0.53979,0.3517,0.33499,0.2393,0.53979,0.53979,0.53979
16,0,0.83333,0.5,0.41667,0.45455,0.83333,0.83333,0.83333
16,1,0.54004,0.35268,0.33529,0.24013,0.54004,0.54004,0.54004
17,0,0.83333,0.5,0.41667,0.45455,0.83333,0.83333,0.83333
17,1,0.53986,0.36511,0.3348,0.23812,0.53986,0.53986,0.53986
18,0,0.83333,0.5,0.41667,0.45455,0.83333,0.83333,0.83333
18,1,0.53648,0.39321,0.3357,0.24518,0.53648,0.53648,0.53648
19,0,0.83333,0.5,0.41667,0.45455,0.83333,0.83333,0.83333
19,1,0.5393,0.34647,0.33413,0.23624,0.5393,0.5393,0.5393
20,0,0.83333,0.5,0.41667,0.45455,0.83333,0.83333,0.83333
20,1,0.48276,0.30907,0.34793,0.32735,0.48276,0.48276,0.48276
21,0,0.83333,0.5,0.41667,0.45455,0.83333,0.83333,0.83333
21,1,0.54195,0.33864,0.34337,0.27224,0.54195,0.54195,0.54195
22,0,0.83333,0.5,0.41667,0.45455,0.83333,0.83333,0.83333
22,1,0.54158,0.33404,0.35605,0.3136,0.54158,0.54158,0.54158
23,0,0.83333,0.5,0.41667,0.45455,0.83333,0.83333,0.83333
23,1,0.38922,0.31474,0.34227,0.25184,0.38922,0.38922,0.38922
24,0,0.83333,0.5,0.41667,0.45455,0.83333,0.83333,0.83333
24,1,0.48915,0.31837,0.35895,0.33675,0.48915,0.48915,0.48915
25,0,0.83333,0.5,0.41667,0.45455,0.83333,0.83333,0.83333
25,1,0.44724,0.32391,0.35971,0.31504,0.44724,0.44724,0.44724
26,0,0.83333,0.5,0.41667,0.45455,0.83333,0.83333,0.83333
26,1,0.47194,0.31895,0.35885,0.33128,0.47194,0.47194,0.47194
27,0,0.83333,0.5,0.41667,0.45455,0.83333,0.83333,0.83333
27,1,0.39297,0.323,0.34619,0.25335,0.39297,0.39297,0.39297
28,0,0.83333,0.5,0.41667,0.45455,0.83333,0.83333,0.83333
28,1,0.39641,0.31975,0.34587,0.25997,0.39641,0.39641,0.39641
29,0,0.83333,0.5,0.41667,0.45455,0.83333,0.83333,0.83333
29,1,0.5401,0.33025,0.34581,0.28495,0.5401,0.5401,0.5401
30,0,0.83333,0.5,0.41667,0.45455,0.83333,0.83333,0.83333
30,1,0.53715,0.32837,0.35467,0.31481,0.53715,0.53715,0.53715
31,0,0.83333,0.5,0.41667,0.45455,0.83333,0.83333,0.83333
31,1,0.49007,0.32659,0.36803,0.34218,0.49007,0.49007,0.49007
32,0,0.83333,0.5,0.41667,0.45455,0.83333,0.83333,0.83333
32,1,0.54084,0.33859,0.33858,0.25417,0.54084,0.54084,0.54084
33,0,0.83333,0.5,0.41667,0.45455,0.83333,0.83333,0.83333
33,1,0.35867,0.2995,0.33393,0.19855,0.35867,0.35867,0.35867
34,0,0.83333,0.5,0.41667,0.45455,0.83333,0.83333,0.83333
34,1,0.51367,0.37768,0.36271,0.34413,0.51367,0.51367,0.51367
35,0,0.83333,0.5,0.41667,0.45455,0.83333,0.83333,0.83333
35,1,0.53936,0.3403,0.33549,0.24303,0.53936,0.53936,0.53936
36,0,0.83333,0.5,0.41667,0.45455,0.83333,0.83333,0.83333
36,1,0.54029,0.33142,0.34518,0.28238,0.54029,0.54029,0.54029
37,0,0.83333,0.5,0.41667,0.45455,0.83333,0.83333,0.83333
37,1,0.39291,0.3193,0.34496,0.25493,0.39291,0.39291,0.39291
38,0,0.83333,0.5,0.41667,0.45455,0.83333,0.83333,0.83333
38,1,0.54078,0.34268,0.3378,0.25062,0.54078,0.54078,0.54078
39,0,0.83333,0.5,0.41667,0.45455,0.83333,0.83333,0.83333
39,1,0.54195,0.34888,0.33943,0.25527,0.54195,0.54195,0.54195
40,0,0.83333,0.5,0.41667,0.45455,0.83333,0.83333,0.83333
40,1,0.52504,0.32404,0.35974,0.33344,0.52504,0.52504,0.52504
41,0,0.83333,0.5,0.41667,0.45455,0.83333,0.83333,0.83333
41,1,0.54102,0.35128,0.33726,0.24729,0.54102,0.54102,0.54102
42,0,0.83333,0.5,0.41667,0.45455,0.83333,0.83333,0.83333
42,1,0.53973,0.3594,0.33477,0.2383,0.53973,0.53973,0.53973
43,0,0.83333,0.5,0.41667,0.45455,0.83333,0.83333,0.83333
43,1,0.44207,0.32004,0.35635,0.31117,0.44207,0.44207,0.44207
44,0,0.83333,0.5,0.41667,0.45455,0.83333,0.83333,0.83333
44,1,0.38688,0.31418,0.34142,0.24868,0.38688,0.38688,0.38688
45,0,0.83333,0.5,0.41667,0.45455,0.83333,0.83333,0.83333
45,1,0.53998,0.35649,0.33517,0.23967,0.53998,0.53998,0.53998
46,0,0.83333,0.5,0.41667,0.45455,0.83333,0.83333,0.83333
46,1,0.39721,0.32014,0.34655,0.26052,0.39721,0.39721,0.39721
47,0,0.83333,0.5,0.41667,0.45455,0.83333,0.83333,0.83333
47,1,0.37785,0.31321,0.33949,0.23357,0.37785,0.37785,0.37785
48,0,0.83333,0.5,0.41667,0.45455,0.83333,0.83333,0.83333
48,1,0.48885,0.31893,0.35944,0.33702,0.48885,0.48885,0.48885
49,0,0.83333,0.5,0.41667,0.45455,0.83333,0.83333,0.83333
49,1,0.36839,0.30624,0.33599,0.21877,0.36839,0.36839,0.36839
50,0,0.83333,0.5,0.41667,0.45455,0.83333,0.83333,0.83333
50,1,0.40729,0.32397,0.35023,0.2729,0.40729,0.40729,0.40729
51,0,0.83333,0.5,0.41667,0.45455,0.83333,0.83333,0.83333
51,1,0.53936,0.34651,0.33442,0.23755,0.53936,0.53936,0.53936
