round,client,accuracy,macro_precision,macro_recall,macro_f1,micro_precision,micro_recall,micro_f1
1,0,0.81765,0.77958,0.68871,0.71372,0.81765,0.81765,0.81765
1,1,0.81396,0.77388,0.68181,0.7063,0.81396,0.81396,0.81396
1,2,0.81654,0.77524,0.68995,0.71417,0.81654,0.81654,0.81654
1,3,0.81673,0.77494,0.69106,0.71514,0.81673,0.81673,0.81673
1,4,0.81783,0.77596,0.69401,0.71802,0.81783,0.81783,0.81783
1,5,0.81801,0.77533,0.69562,0.71935,0.81801,0.81801,0.81801
1,6,0.81691,0.77558,0.69093,0.71514,0.81691,0.81691,0.81691
1,7,0.81765,0.77201,0.69908,0.72176,0.81765,0.81765,0.81765
1,8,0.81949,0.77338,0.70475,0.72691,0.81949,0.81949,0.81949
1,9,0.81728,0.77277,0.69636,0.71953,0.81728,0.81728,0.81728
2,0,0.83312,0.78533,0.74419,0.76053,0.83312,0.83312,0.83312
2,1,0.82907,0.77598,0.74766,0.75969,0.82907,0.82907,0.82907
2,2,0.83312,0.78608,0.74246,0.75955,0.83312,0.83312,0.83312
2,3,0.83514,0.78865,0.74653,0.76323,0.83514,0.83514,0.83514
2,4,0.83293,0.78314,0.74876,0.76294,0.83293,0.83293,0.83293
2,5,0.83478,0.78819,0.74579,0.76256,0.83478,0.83478,0.83478
2,6,0.83551,0.79075,0.74381,0.76195,0.83551,0.83551,0.83551
2,7,0.83257,0.78526,0.7416,0.75868,0.83257,0.83257,0.83257
2,8,0.83459,0.78922,0.7427,0.76069,0.83459,0.83459,0.83459
2,9,0.83422,0.78974,0.73999,0.75886,0.83422,0.83422,0.83422
3,0,0.83901,0.79501,0.75108,0.76845,0.83901,0.83901,0.83901
3,1,0.83754,0.79123,0.75232,0.76809,0.83754,0.83754,0.83754
3,2,0.83607,0.78785,0.75307,0.76745,0.83607,0.83607,0.83607
3,3,0.83588,0.79383,0.73961,0.75976,0.83588,0.83588,0.83588
3,4,0.83846,0.79315,0.75244,0.7688,0.83846,0.83846,0.83846
3,5,0.83901,0.79476,0.75157,0.76872,0.83901,0.83901,0.83901
3,6,0.83643,0.79191,0.74566,0.76363,0.83643,0.83643,0.83643
3,7,0.83717,0.78849,0.75726,0.77045,0.83717,0.83717,0.83717
3,8,0.83846,0.79493,0.74873,0.76677,0.83846,0.83846,0.83846
3,9,0.83662,0.79301,0.7443,0.76298,0.83662,0.83662,0.83662
4,0,0.83846,0.79185,0.7554,0.77039,0.83846,0.83846,0.83846
4,1,0.83846,0.79238,0.75417,0.76973,0.83846,0.83846,0.83846
4,2,0.83828,0.79303,0.75182,0.76834,0.83828,0.83828,0.83828
4,3,0.83957,0.79885,0.74626,0.76614,0.83957,0.83957,0.83957
4,4,0.83791,0.79351,0.74911,0.76659,0.83791,0.83791,0.83791
4,5,0.83901,0.79719,0.74688,0.76611,0.83901,0.83901,0.83901
4,6,0.83735,0.7954,0.74306,0.76278,0.83735,0.83735,0.83735
4,7,0.8392,0.79373,0.75466,0.77052,0.8392,0.8392,0.8392
4,8,0.83625,0.79388,0.74109,0.76088,0.83625,0.83625,0.83625
4,9,0.83717,0.79396,0.74491,0.76372,0.83717,0.83717,0.83717
5,0,0.83975,0.79936,0.74614,0.7662,0.83975,0.83975,0.83975
5,1,0.83809,0.79577,0.74553,0.7647,0.83809,0.83809,0.83809
5,2,0.83846,0.79678,0.74528,0.76481,0.83846,0.83846,0.83846
5,3,0.83828,0.79697,0.74417,0.76405,0.83828,0.83828,0.83828
5,4,0.83846,0.79361,0.75145,0.76826,0.83846,0.83846,0.83846
5,5,0.83957,0.79957,0.74503,0.76544,0.83957,0.83957,0.83957
5,6,0.83772,0.79328,0.74874,0.76625,0.83772,0.83772,0.83772
5,7,0.83938,0.7992,0.7449,0.76524,0.83938,0.83938,0.83938
5,8,0.83993,0.79779,0.74972,0.76835,0.83993,0.83993,0.83993
5,9,0.8403,0.79878,0.74947,0.76847,0.8403,0.8403,0.8403
6,0,0.83957,0.7972,0.74922,0.76781,0.83957,0.83957,0.83957
6,1,0.84067,0.79577,0.75712,0.77288,0.84067,0.84067,0.84067
6,2,0.83772,0.79146,0.75269,0.76842,0.83772,0.83772,0.83772
6,3,0.83883,0.79911,0.74281,0.76364,0.83883,0.83883,0.83883
6,4,0.84067,0.79844,0.75169,0.76996,0.84067,0.84067,0.84067
6,5,0.84159,0.80023,0.7523,0.77095,0.84159,0.84159,0.84159
6,6,0.84067,0.7991,0.75045,0.76928,0.84067,0.84067,0.84067
6,7,0.84085,0.79828,0.7528,0.7707,0.84085,0.84085,0.84085
6,8,0.84085,0.796,0.75749,0.77321,0.84085,0.84085,0.84085
6,9,0.84141,0.79908,0.75366,0.77156,0.84141,0.84141,0.84141
7,0,0.84067,0.7987,0.75119,0.76969,0.84067,0.84067,0.84067
7,1,0.84012,0.79763,0.75083,0.76909,0.84012,0.84012,0.84012
7,2,0.83975,0.79691,0.75058,0.7687,0.83975,0.83975,0.83975
7,3,0.84049,0.79928,0.74934,0.76853,0.84049,0.84049,0.84049
7,4,0.84049,0.79695,0.75379,0.77097,0.84049,0.84049,0.84049
7,5,0.84122,0.79978,0.75156,0.77028,0.84122,0.84122,0.84122
7,6,0.8403,0.79919,0.74873,0.76805,0.8403,0.8403,0.8403
7,7,0.84159,0.79819,0.75625,0.77309,0.84159,0.84159,0.84159
7,8,0.84085,0.7979,0.75354,0.7711,0.84085,0.84085,0.84085
7,9,0.84159,0.79647,0.75995,0.77503,0.84159,0.84159,0.84159
8,0,0.83975,0.79521,0.75404,0.77058,0.83975,0.83975,0.83975
8,1,0.83993,0.79727,0.7507,0.76889,0.83993,0.83993,0.83993
8,2,0.83975,0.79592,0.75256,0.76978,0.83975,0.83975,0.83975
8,3,0.83478,0.79998,0.72604,0.7506,0.83478,0.83478,0.83478
8,4,0.84067,0.79937,0.74996,0.769,0.84067,0.84067,0.84067
8,5,0.83938,0.79964,0.74416,0.76481,0.83938,0.83938,0.83938
8,6,0.84049,0.80027,0.74762,0.76756,0.84049,0.84049,0.84049
8,7,0.8403,0.79709,0.75268,0.77024,0.8403,0.8403,0.8403
8,8,0.83957,0.7972,0.74922,0.76781,0.83957,0.83957,0.83957
8,9,0.84104,0.79928,0.75169,0.77022,0.84104,0.84104,0.84104
9,0,0.8403,0.79961,0.74799,0.76764,0.8403,0.8403,0.8403
9,1,0.84085,0.79646,0.7565,0.77269,0.84085,0.84085,0.84085
9,2,0.83864,0.79229,0.75528,0.77045,0.83864,0.83864,0.83864
9,3,0.83957,0.79386,0.75614,0.77157,0.83957,0.83957,0.83957
9,4,0.83957,0.79606,0.75145,0.76904,0.83957,0.83957,0.83957
9,5,0.83938,0.7962,0.75034,0.7683,0.83938,0.83938,0.83938
9,6,0.84141,0.80069,0.7507,0.76993,0.84141,0.84141,0.84141
9,7,0.83938,0.79949,0.74441,0.76495,0.83938,0.83938,0.83938
9,8,0.83809,0.78845,0.76256,0.77382,0.83809,0.83809,0.83809
9,9,0.83846,0.79315,0.75244,0.7688,0.83846,0.83846,0.83846
10,0,0.84104,0.79775,0.75465,0.77183,0.84104,0.84104,0.84104
10,1,0.84067,0.79965,0.74947,0.76873,0.84067,0.84067,0.84067
10,2,0.83699,0.78799,0.75763,0.77051,0.83699,0.83699,0.83699
10,3,0.83772,0.79945,0.73788,0.75996,0.83772,0.83772,0.83772
10,4,0.84122,0.7986,0.75378,0.77149,0.84122,0.84122,0.84122
10,5,0.83957,0.79463,0.75441,0.77065,0.83957,0.83957,0.83957
10,6,0.83901,0.79476,0.75157,0.76872,0.83901,0.83901,0.83901
10,7,0.83846,0.7972,0.74454,0.76439,0.83846,0.83846,0.83846
10,8,0.8403,0.79466,0.75786,0.77301,0.8403,0.8403,0.8403
10,9,0.84178,0.79841,0.75662,0.77341,0.84178,0.84178,0.84178
11,0,0.8357,0.79877,0.73109,0.75444,0.8357,0.8357,0.8357
11,1,0.8403,0.79734,0.75218,0.76997,0.8403,0.8403,0.8403
11,2,0.84251,0.80246,0.75217,0.77154,0.84251,0.84251,0.84251
11,3,0.84141,0.79896,0.75391,0.77169,0.84141,0.84141,0.84141
11,4,0.83993,0.79888,0.74774,0.76724,0.83993,0.83993,0.83993
11,5,0.84196,0.7995,0.75526,0.77282,0.84196,0.84196,0.84196
11,6,0.83901,0.79476,0.75157,0.76872,0.83901,0.83901,0.83901
11,7,0.8392,0.79476,0.75244,0.76932,0.8392,0.8392,0.8392
11,8,0.83957,0.79618,0.7512,0.76891,0.83957,0.83957,0.83957
11,9,0.83957,0.79669,0.75021,0.76836,0.83957,0.83957,0.83957
12,0,0.84067,0.79501,0.75885,0.77379,0.84067,0.84067,0.84067
12,1,0.83938,0.792,0.75972,0.77331,0.83938,0.83938,0.83938
12,2,0.8392,0.79102,0.76132,0.774,0.8392,0.8392,0.8392
12,3,0.84122,0.79925,0.75255,0.77082,0.84122,0.84122,0.84122
12,4,0.84141,0.79796,0.75588,0.77276,0.84141,0.84141,0.84141
12,5,0.83901,0.79501,0.75108,0.76845,0.83901,0.83901,0.83901
12,6,0.83791,0.79096,0.75479,0.76967,0.83791,0.83791,0.83791
12,7,0.84085,0.79828,0.7528,0.7707,0.84085,0.84085,0.84085
12,8,0.8368,0.78742,0.75825,0.77069,0.8368,0.8368,0.8368
12,9,0.83809,0.7903,0.75738,0.77117,0.83809,0.83809,0.83809
13,0,0.83975,0.7943,0.75601,0.77164,0.83975,0.83975,0.83975
13,1,0.84067,0.79693,0.75465,0.77157,0.84067,0.84067,0.84067
13,2,0.83938,0.79441,0.75404,0.77032,0.83938,0.83938,0.83938
13,3,0.8392,0.79216,0.75836,0.77247,0.8392,0.8392,0.8392
13,4,0.8392,0.79452,0.75293,0.76959,0.8392,0.8392,0.8392
13,5,0.83957,0.79581,0.75194,0.76931,0.83957,0.83957,0.83957
13,6,0.83828,0.79483,0.74812,0.76629,0.83828,0.83828,0.83828
13,7,0.84012,0.79674,0.75255,0.77004,0.84012,0.84012,0.84012
13,8,0.84159,0.79807,0.7565,0.77322,0.84159,0.84159,0.84159
13,9,0.83828,0.78909,0.7617,0.77352,0.83828,0.83828,0.83828
14,0,0.83975,0.79453,0.75552,0.77137,0.83975,0.83975,0.83975
14,1,0.84067,0.79449,0.76008,0.77443,0.84067,0.84067,0.84067
14,2,0.83975,0.79641,0.75157,0.76924,0.83975,0.83975,0.83975
14,3,0.83957,0.79242,0.75959,0.77338,0.83957,0.83957,0.83957
14,4,0.84012,0.7959,0.75428,0.77097,0.84012,0.84012,0.84012
14,5,0.84104,0.79838,0.75341,0.77116,0.84104,0.84104,0.84104
14,6,0.83938,0.79342,0.75626,0.7715,0.83938,0.83938,0.83938
14,7,0.8392,0.79536,0.7512,0.76865,0.8392,0.8392,0.8392
14,8,0.84049,0.79555,0.75675,0.77255,0.84049,0.84049,0.84049
14,9,0.83938,0.79269,0.75799,0.77241,0.83938,0.83938,0.83938
15,0,0.83975,0.79797,0.74861,0.7676,0.83975,0.83975,0.83975
15,1,0.83864,0.79304,0.75355,0.76953,0.83864,0.83864,0.83864
15,2,0.83993,0.7941,0.75737,0.77248,0.83993,0.83993,0.83993
15,3,0.84122,0.79925,0.75255,0.77082,0.84122,0.84122,0.84122
15,4,0.83901,0.79537,0.75034,0.76804,0.83901,0.83901,0.83901
15,5,0.83993,0.79806,0.74922,0.76807,0.83993,0.83993,0.83993
15,6,0.83901,0.79233,0.757,0.77163,0.83901,0.83901,0.83901
15,7,0.84012,0.79476,0.75675,0.77229,0.84012,0.84012,0.84012
15,8,0.83938,0.79583,0.75108,0.76871,0.83938,0.83938,0.83938
15,9,0.83846,0.79066,0.75836,0.77194,0.83846,0.83846,0.83846
16,0,0.84178,0.80185,0.7502,0.76992,0.84178,0.84178,0.84178
16,1,0.8392,0.79206,0.75861,0.7726,0.8392,0.8392,0.8392
16,2,0.84067,0.79718,0.75416,0.7713,0.84067,0.84067,0.84067
16,3,0.8392,0.79351,0.75515,0.77078,0.8392,0.8392,0.8392
16,4,0.83957,0.79643,0.75071,0.76863,0.83957,0.83957,0.83957
16,5,0.83901,0.79587,0.74935,0.76749,0.83901,0.83901,0.83901
16,6,0.83938,0.79724,0.74836,0.7672,0.83938,0.83938,0.83938
16,7,0.83809,0.79139,0.75466,0.76973,0.83809,0.83809,0.83809
16,8,0.8403,0.79636,0.75416,0.77104,0.8403,0.8403,0.8403
16,9,0.84085,0.79753,0.75428,0.7715,0.84085,0.84085,0.84085
17,0,0.83975,0.79783,0.74885,0.76773,0.83975,0.83975,0.83975
17,1,0.83938,0.79452,0.75379,0.77019,0.83938,0.83938,0.83938
17,2,0.84012,0.7959,0.75428,0.77097,0.84012,0.84012,0.84012
17,3,0.83957,0.79707,0.74947,0.76795,0.83957,0.83957,0.83957
17,4,0.83938,0.79672,0.74935,0.76775,0.83938,0.83938,0.83938
17,5,0.83846,0.79292,0.75293,0.76907,0.83846,0.83846,0.83846
17,6,0.83809,0.79927,0.7396,0.76125,0.83809,0.83809,0.83809
17,7,0.83938,0.79711,0.74861,0.76734,0.83938,0.83938,0.83938
17,8,0.83938,0.79475,0.7533,0.76992,0.83938,0.83938,0.83938
17,9,0.83901,0.79652,0.74812,0.76681,0.83901,0.83901,0.83901
18,0,0.84012,0.79711,0.75181,0.76963,0.84012,0.84012,0.84012
18,1,0.83938,0.79778,0.74737,0.76665,0.83938,0.83938,0.83938
18,2,0.83901,0.79296,0.75552,0.77085,0.83901,0.83901,0.83901
18,3,0.84012,0.79711,0.75181,0.76963,0.84012,0.84012,0.84012
18,4,0.83864,0.78938,0.76293,0.77441,0.83864,0.83864,0.83864
18,5,0.83901,0.7955,0.75009,0.76791,0.83901,0.83901,0.83901
18,6,0.83864,0.79327,0.75305,0.76926,0.83864,0.83864,0.83864
18,7,0.83864,0.79491,0.7496,0.76737,0.83864,0.83864,0.83864
18,8,0.83883,0.79603,0.74824,0.76675,0.83883,0.83883,0.83883
18,9,0.83975,0.79304,0.75898,0.77319,0.83975,0.83975,0.83975
19,0,0.8392,0.79598,0.74997,0.76797,0.8392,0.8392,0.8392
19,1,0.83717,0.78788,0.75899,0.77134,0.83717,0.83717,0.83717
19,2,0.83975,0.79486,0.75478,0.77098,0.83975,0.83975,0.83975
19,3,0.8392,0.79523,0.75145,0.76878,0.8392,0.8392,0.8392
19,4,0.83828,0.79152,0.75528,0.77019,0.83828,0.83828,0.83828
19,5,0.84049,0.80027,0.74762,0.76756,0.84049,0.84049,0.84049
19,6,0.8392,0.79783,0.74651,0.76603,0.8392,0.8392,0.8392
19,7,0.83957,0.79343,0.75712,0.77209,0.83957,0.83957,0.83957
19,8,0.83809,0.78861,0.76207,0.77357,0.83809,0.83809,0.83809
19,9,0.8392,0.79675,0.74848,0.76714,0.8392,0.8392,0.8392
20,0,0.83828,0.79521,0.74738,0.76588,0.83828,0.83828,0.83828
20,1,0.83846,0.79227,0.75441,0.76986,0.83846,0.83846,0.83846
20,2,0.83975,0.79544,0.75354,0.77031,0.83975,0.83975,0.83975
20,3,0.84122,0.79938,0.7523,0.77069,0.84122,0.84122,0.84122
20,4,0.83883,0.79779,0.74503,0.76493,0.83883,0.83883,0.83883
20,5,0.84085,0.7974,0.75453,0.77163,0.84085,0.84085,0.84085
20,6,0.84122,0.80074,0.74983,0.76932,0.84122,0.84122,0.84122
20,7,0.83957,0.79545,0.75268,0.76971,0.83957,0.83957,0.83957
20,8,0.83957,0.79618,0.7512,0.76891,0.83957,0.83957,0.83957
20,9,0.83828,0.79193,0.75429,0.76967,0.83828,0.83828,0.83828
21,0,0.83809,0.79129,0.75491,0.76987,0.83809,0.83809,0.83809
21,1,0.8392,0.79277,0.75688,0.7717,0.8392,0.8392,0.8392
21,2,0.83975,0.79284,0.75947,0.77345,0.83975,0.83975,0.83975
21,3,0.8403,0.79648,0.75391,0.77091,0.8403,0.8403,0.8403
21,4,0.83957,0.79343,0.75712,0.77209,0.83957,0.83957,0.83957
21,5,0.83754,0.79144,0.75182,0.76782,0.83754,0.83754,0.83754
21,6,0.83883,0.7917,0.75762,0.77182,0.83883,0.83883,0.83883
21,7,0.83957,0.79486,0.75391,0.77038,0.83957,0.83957,0.83957
21,8,0.83662,0.78798,0.75566,0.76921,0.83662,0.83662,0.83662
21,9,0.84067,0.79566,0.75737,0.77301,0.84067,0.84067,0.84067
22,0,0.83901,0.79164,0.75873,0.77253,0.83901,0.83901,0.83901
22,1,0.84012,0.79532,0.75552,0.77164,0.84012,0.84012,0.84012
22,2,0.83993,0.79194,0.7628,0.77528,0.83993,0.83993,0.83993
22,3,0.83883,0.79383,0.75268,0.76919,0.83883,0.83883,0.83883
22,4,0.84049,0.79299,0.76292,0.77575,0.84049,0.84049,0.84049
22,5,0.83846,0.79175,0.75565,0.77052,0.83846,0.83846,0.83846
22,6,0.83901,0.79476,0.75157,0.76872,0.83901,0.83901,0.83901
22,7,0.83699,0.78659,0.76183,0.77265,0.83699,0.83699,0.83699
22,8,0.83717,0.78622,0.76417,0.77396,0.83717,0.83717,0.83717
22,9,0.83938,0.79081,0.76293,0.77494,0.83938,0.83938,0.83938
23,0,0.84122,0.79938,0.7523,0.77069,0.84122,0.84122,0.84122
23,1,0.83735,0.78744,0.76133,0.77267,0.83735,0.83735,0.83735
23,2,0.84122,0.7958,0.75971,0.77464,0.84122,0.84122,0.84122
23,3,0.83975,0.79475,0.75503,0.77111,0.83975,0.83975,0.83975
23,4,0.83864,0.79147,0.75725,0.7715,0.83864,0.83864,0.83864
23,5,0.83735,0.78713,0.76232,0.77317,0.83735,0.83735,0.83735
23,6,0.84049,0.79522,0.75749,0.77295,0.84049,0.84049,0.84049
23,7,0.83625,0.78818,0.75319,0.76764,0.83625,0.83625,0.83625
23,8,0.83975,0.79419,0.75626,0.77177,0.83975,0.83975,0.83975
23,9,0.8357,0.79278,0.74072,0.76029,0.8357,0.8357,0.8357
24,0,0.83772,0.79377,0.74775,0.7657,0.83772,0.83772,0.83772
24,1,0.8368,0.78812,0.75627,0.76967,0.8368,0.8368,0.8368
24,2,0.83938,0.79081,0.76293,0.77494,0.83938,0.83938,0.83938
24,3,0.83828,0.79292,0.75207,0.76847,0.83828,0.83828,0.83828
24,4,0.83864,0.79315,0.7533,0.7694,0.83864,0.83864,0.83864
24,5,0.83809,0.78947,0.7596,0.77232,0.83809,0.83809,0.83809
24,6,0.84178,0.80006,0.75341,0.77169,0.84178,0.84178,0.84178
24,7,0.83883,0.7917,0.75762,0.77182,0.83883,0.83883,0.83883
24,8,0.83975,0.79398,0.75675,0.77203,0.83975,0.83975,0.83975
24,9,0.8392,0.79007,0.76404,0.77537,0.8392,0.8392,0.8392
25,0,0.84178,0.79928,0.75489,0.77249,0.84178,0.84178,0.84178
25,1,0.83938,0.79363,0.75577,0.77124,0.83938,0.83938,0.83938
25,2,0.83975,0.79453,0.75552,0.77137,0.83975,0.83975,0.83975
25,3,0.83993,0.79567,0.75391,0.77064,0.83993,0.83993,0.83993
25,4,0.83809,0.79139,0.75466,0.76973,0.83809,0.83809,0.83809
25,5,0.83901,0.79339,0.75453,0.77032,0.83901,0.83901,0.83901
25,6,0.83772,0.79052,0.75491,0.7696,0.83772,0.83772,0.83772
25,7,0.83754,0.79123,0.75232,0.76809,0.83754,0.83754,0.83754
25,8,0.83957,0.79618,0.7512,0.76891,0.83957,0.83957,0.83957
25,9,0.84104,0.79612,0.75811,0.77367,0.84104,0.84104,0.84104
26,0,0.83588,0.7852,0.75961,0.77073,0.83588,0.83588,0.83588
26,1,0.84012,0.79509,0.75601,0.7719,0.84012,0.84012,0.84012
26,2,0.84122,0.79873,0.75354,0.77136,0.84122,0.84122,0.84122
26,3,0.83717,0.79247,0.74788,0.76539,0.83717,0.83717,0.83717
26,4,0.8368,0.78927,0.75331,0.7681,0.8368,0.8368,0.8368
26,5,0.83938,0.80009,0.74342,0.76438,0.83938,0.83938,0.83938
26,6,0.83533,0.78277,0.76467,0.77287,0.83533,0.83533,0.83533
26,7,0.84049,0.79795,0.75181,0.76989,0.84049,0.84049,0.84049
26,8,0.83312,0.78004,0.75999,0.76895,0.83312,0.83312,0.83312
26,9,0.8368,0.78794,0.75677,0.76993,0.8368,0.8368,0.8368
27,0,0.83883,0.79565,0.74898,0.76716,0.83883,0.83883,0.83883
27,1,0.83993,0.79475,0.75589,0.7717,0.83993,0.83993,0.83993
27,2,0.83735,0.78794,0.75985,0.77191,0.83735,0.83735,0.83735
27,3,0.83662,0.80135,0.73097,0.75496,0.83662,0.83662,0.83662
27,4,0.83828,0.79204,0.75404,0.76954,0.83828,0.83828,0.83828
27,5,0.83938,0.7931,0.757,0.77189,0.83938,0.83938,0.83938
27,6,0.84012,0.79724,0.75157,0.7695,0.84012,0.84012,0.84012
27,7,0.8392,0.79384,0.75441,0.77039,0.8392,0.8392,0.8392
27,8,0.83662,0.78744,0.75714,0.76999,0.83662,0.83662,0.83662
27,9,0.83957,0.79856,0.74676,0.76642,0.83957,0.83957,0.83957
28,0,0.83551,0.79573,0.73492,0.75669,0.83551,0.83551,0.83551
28,1,0.8333,0.77774,0.77344,0.77554,0.8333,0.8333,0.8333
28,2,0.83772,0.78706,0.76479,0.77466,0.83772,0.83772,0.83772
28,3,0.8368,0.78803,0.75652,0.7698,0.8368,0.8368,0.8368
28,4,0.83993,0.79358,0.7586,0.77313,0.83993,0.83993,0.83993
28,5,0.83864,0.78785,0.76787,0.77684,0.83864,0.83864,0.83864
28,6,0.83809,0.7903,0.75738,0.77117,0.83809,0.83809,0.83809
28,7,0.83735,0.79143,0.75096,0.76722,0.83735,0.83735,0.83735
28,8,0.83293,0.77776,0.7695,0.77344,0.83293,0.83293,0.83293
28,9,0.8392,0.79246,0.75762,0.77209,0.8392,0.8392,0.8392
29,0,0.83791,0.78766,0.76392,0.77437,0.83791,0.83791,0.83791
29,1,0.84049,0.79901,0.74984,0.7688,0.84049,0.84049,0.84049
29,2,0.83404,0.78102,0.76258,0.77091,0.83404,0.83404,0.83404
29,3,0.83883,0.79021,0.76157,0.77386,0.83883,0.83883,0.83883
29,4,0.83828,0.79433,0.74911,0.76684,0.83828,0.83828,0.83828
29,5,0.83993,0.79689,0.75144,0.7693,0.83993,0.83993,0.83993
29,6,0.83643,0.78984,0.7501,0.7661,0.83643,0.83643,0.83643
29,7,0.83551,0.78957,0.74628,0.76335,0.83551,0.83551,0.83551
29,8,0.8368,0.78917,0.75356,0.76823,0.8368,0.8368,0.8368
29,9,0.83901,0.79774,0.74589,0.76555,0.83901,0.83901,0.83901
30,0,0.84085,0.79815,0.75305,0.77083,0.84085,0.84085,0.84085
30,1,0.83846,0.79144,0.75639,0.77091,0.83846,0.83846,0.83846
30,2,0.83993,0.79249,0.76132,0.77453,0.83993,0.83993,0.83993
30,3,0.83883,0.79284,0.75491,0.77039,0.83883,0.83883,0.83883
30,4,0.83772,0.78547,0.77071,0.77753,0.83772,0.83772,0.83772
30,5,0.83938,0.79522,0.75231,0.76938,0.83938,0.83938,0.83938
30,6,0.83846,0.80005,0.73985,0.76164,0.83846,0.83846,0.83846
30,7,0.83846,0.7961,0.74651,0.76552,0.83846,0.83846,0.83846
30,8,0.83588,0.78706,0.75418,0.76791,0.83588,0.83588,0.83588
30,9,0.8403,0.79838,0.75021,0.76888,0.8403,0.8403,0.8403
31,0,0.8403,0.7951,0.75687,0.77249,0.8403,0.8403,0.8403
31,1,0.83791,0.78863,0.76096,0.77288,0.83791,0.83791,0.83791
31,2,0.83864,0.78989,0.76145,0.77366,0.83864,0.83864,0.83864
31,3,0.8403,0.79772,0.75144,0.76956,0.8403,0.8403,0.8403
31,4,0.8392,0.7912,0.76083,0.77374,0.8392,0.8392,0.8392
31,5,0.83754,0.7886,0.75898,0.7716,0.83754,0.83754,0.83754
31,6,0.83717,0.78721,0.76096,0.77235,0.83717,0.83717,0.83717
31,7,0.83551,0.78164,0.77121,0.77614,0.83551,0.83551,0.83551
31,8,0.83772,0.79234,0.75071,0.76734,0.83772,0.83772,0.83772
31,9,0.83514,0.7836,0.76035,0.77058,0.83514,0.83514,0.83514
32,0,0.83864,0.79785,0.74417,0.7643,0.83864,0.83864,0.83864
32,1,0.83901,0.79384,0.75355,0.76979,0.83901,0.83901,0.83901
32,2,0.84012,0.79578,0.75453,0.77111,0.84012,0.84012,0.84012
32,3,0.83883,0.79527,0.74972,0.76757,0.83883,0.83883,0.83883
32,4,0.83938,0.79396,0.75503,0.77085,0.83938,0.83938,0.83938
32,5,0.83883,0.79552,0.74923,0.7673,0.83883,0.83883,0.83883
32,6,0.83957,0.79618,0.7512,0.76891,0.83957,0.83957,0.83957
32,7,0.83901,0.79203,0.75774,0.77202,0.83901,0.83901,0.83901
32,8,0.83993,0.79358,0.7586,0.77313,0.83993,0.83993,0.83993
32,9,0.83957,0.79486,0.75391,0.77038,0.83957,0.83957,0.83957
33,0,0.83938,0.78927,0.76762,0.77727,0.83938,0.83938,0.83938
33,1,0.83514,0.78113,0.77072,0.77563,0.83514,0.83514,0.83514
33,2,0.8392,0.79015,0.76379,0.77524,0.8392,0.8392,0.8392
33,3,0.84159,0.7997,0.75329,0.77149,0.84159,0.84159,0.84159
33,4,0.84085,0.79893,0.75156,0.77002,0.84085,0.84085,0.84085
33,5,0.83883,0.79231,0.75614,0.77104,0.83883,0.83883,0.83883
33,6,0.83883,0.79972,0.74182,0.76306,0.83883,0.83883,0.83883
33,7,0.83588,0.78398,0.76381,0.77284,0.83588,0.83588,0.83588
33,8,0.83828,0.79215,0.7538,0.7694,0.83828,0.83828,0.83828
33,9,0.83846,0.79349,0.7517,0.7684,0.83846,0.83846,0.83846
34,0,0.83864,0.79261,0.75454,0.77006,0.83864,0.83864,0.83864
34,1,0.83791,0.794,0.74812,0.76604,0.83791,0.83791,0.83791
34,2,0.84104,0.80153,0.74774,0.76801,0.84104,0.84104,0.84104
34,3,0.83846,0.79777,0.74355,0.76382,0.83846,0.83846,0.83846
34,4,0.83828,0.79193,0.75429,0.76967,0.83828,0.83828,0.83828
34,5,0.83846,0.79249,0.75392,0.7696,0.83846,0.83846,0.83846
34,6,0.83662,0.79393,0.74257,0.76199,0.83662,0.83662,0.83662
34,7,0.84067,0.79767,0.75317,0.77077,0.84067,0.84067,0.84067
34,8,0.84214,0.7956,0.76477,0.77789,0.84214,0.84214,0.84214
34,9,0.83772,0.78901,0.75886,0.77167,0.83772,0.83772,0.83772
35,0,0.83735,0.78557,0.76775,0.77584,0.83735,0.83735,0.83735
35,1,0.83846,0.7894,0.76182,0.77371,0.83846,0.83846,0.83846
35,2,0.84288,0.80114,0.75612,0.77395,0.84288,0.84288,0.84288
35,3,0.8392,0.79536,0.7512,0.76865,0.8392,0.8392,0.8392
35,4,0.83864,0.78938,0.76293,0.77441,0.83864,0.83864,0.83864
35,5,0.83864,0.79024,0.76046,0.77316,0.83864,0.83864,0.83864
35,6,0.83864,0.79157,0.757,0.77137,0.83864,0.83864,0.83864
35,7,0.83846,0.78874,0.76379,0.77471,0.83846,0.83846,0.83846
35,8,0.83754,0.78633,0.76614,0.7752,0.83754,0.83754,0.83754
35,9,0.83993,0.80284,0.74132,0.76353,0.83993,0.83993,0.83993
36,0,0.83938,0.79396,0.75503,0.77085,0.83938,0.83938,0.83938
36,1,0.83478,0.78214,0.76332,0.7718,0.83478,0.83478,0.83478
36,2,0.83459,0.78088,0.76739,0.77365,0.83459,0.83459,0.83459
36,3,0.83864,0.79593,0.74762,0.76627,0.83864,0.83864,0.83864
36,4,0.84049,0.79998,0.74811,0.76783,0.84049,0.84049,0.84049
36,5,0.83957,0.79452,0.75466,0.77078,0.83957,0.83957,0.83957
36,6,0.83993,0.79701,0.7512,0.76917,0.83993,0.83993,0.83993
36,7,0.8392,0.79329,0.75564,0.77104,0.8392,0.8392,0.8392
36,8,0.83809,0.78965,0.75911,0.77206,0.83809,0.83809,0.83809
36,9,0.83828,0.79062,0.7575,0.77136,0.83828,0.83828,0.83828
37,0,0.83864,0.80059,0.73972,0.7617,0.83864,0.83864,0.83864
37,1,0.83533,0.78636,0.75307,0.76693,0.83533,0.83533,0.83533
37,2,0.83828,0.78876,0.76268,0.77402,0.83828,0.83828,0.83828
37,3,0.84159,0.79996,0.7528,0.77122,0.84159,0.84159,0.84159
37,4,0.84196,0.79976,0.75477,0.77255,0.84196,0.84196,0.84196
37,5,0.83754,0.78923,0.75726,0.77071,0.83754,0.83754,0.83754
37,6,0.84104,0.79612,0.75811,0.77367,0.84104,0.84104,0.84104
37,7,0.83551,0.7865,0.75368,0.76739,0.83551,0.83551,0.83551
37,8,0.84159,0.79771,0.75724,0.77361,0.84159,0.84159,0.84159
37,9,0.83717,0.78993,0.75355,0.76849,0.83717,0.83717,0.83717
38,0,0.83938,0.7903,0.76441,0.77568,0.83938,0.83938,0.83938
38,1,0.83864,0.79372,0.75207,0.76873,0.83864,0.83864,0.83864
38,2,0.83975,0.7943,0.75601,0.77164,0.83975,0.83975,0.83975
38,3,0.83901,0.79476,0.75157,0.76872,0.83901,0.83901,0.83901
38,4,0.83883,0.79241,0.75589,0.77091,0.83883,0.83883,0.83883
38,5,0.83717,0.78896,0.75602,0.7698,0.83717,0.83717,0.83717
38,6,0.83809,0.78956,0.75935,0.77219,0.83809,0.83809,0.83809
38,7,0.83072,0.77389,0.77321,0.77355,0.83072,0.83072,0.83072
38,8,0.83975,0.79783,0.74885,0.76773,0.83975,0.83975,0.83975
38,9,0.83883,0.79418,0.75194,0.76879,0.83883,0.83883,0.83883
39,0,0.8368,0.78555,0.76417,0.77369,0.8368,0.8368,0.8368
39,1,0.83588,0.79935,0.73097,0.75448,0.83588,0.83588,0.83588
39,2,0.83993,0.79453,0.75638,0.77196,0.83993,0.83993,0.83993
39,3,0.84012,0.79011,0.76934,0.77864,0.84012,0.84012,0.84012
39,4,0.83975,0.79907,0.74663,0.76648,0.83975,0.83975,0.83975
39,5,0.83957,0.79856,0.74676,0.76642,0.83957,0.83957,0.83957
39,6,0.83791,0.79116,0.75429,0.76941,0.83791,0.83791,0.83791
39,7,0.83883,0.79454,0.7512,0.76839,0.83883,0.83883,0.83883
39,8,0.83975,0.7918,0.76218,0.77484,0.83975,0.83975,0.83975
39,9,0.83938,0.80087,0.74219,0.76366,0.83938,0.83938,0.83938
40,0,0.84049,0.79406,0.76021,0.77436,0.84049,0.84049,0.84049
40,1,0.84104,0.80124,0.74823,0.76829,0.84104,0.84104,0.84104
40,2,0.84159,0.79983,0.75304,0.77135,0.84159,0.84159,0.84159
40,3,0.8403,0.7976,0.75169,0.7697,0.8403,0.8403,0.8403
40,4,0.83036,0.77856,0.74729,0.76037,0.83036,0.83036,0.83036
40,5,0.83699,0.79413,0.7438,0.76295,0.83699,0.83699,0.83699
40,6,0.8392,0.79319,0.75589,0.77118,0.8392,0.8392,0.8392
40,7,0.84012,0.79763,0.75083,0.76909,0.84012,0.84012,0.84012
40,8,0.83938,0.79259,0.75824,0.77254,0.83938,0.83938,0.83938
40,9,0.83717,0.7912,0.75059,0.76689,0.83717,0.83717,0.83717
41,0,0.83404,0.78629,0.74653,0.76247,0.83404,0.83404,0.83404
41,1,0.83901,0.79243,0.75676,0.7715,0.83901,0.83901,0.83901
41,2,0.8392,0.79287,0.75663,0.77157,0.8392,0.8392,0.8392
41,3,0.83828,0.79162,0.75503,0.77006,0.83828,0.83828,0.83828
41,4,0.83699,0.78748,0.75911,0.77127,0.83699,0.83699,0.83699
41,5,0.8392,0.79287,0.75663,0.77157,0.8392,0.8392,0.8392
41,6,0.8392,0.7956,0.75071,0.76838,0.8392,0.8392,0.8392
41,7,0.83699,0.78756,0.75886,0.77114,0.83699,0.83699,0.83699
41,8,0.8403,0.79684,0.75317,0.77051,0.8403,0.8403,0.8403
41,9,0.83846,0.79957,0.74059,0.76208,0.83846,0.83846,0.83846
42,0,0.83883,0.79765,0.74528,0.76507,0.83883,0.83883,0.83883
42,1,0.83864,0.79799,0.74392,0.76416,0.83864,0.83864,0.83864
42,2,0.8392,0.79572,0.75046,0.76824,0.8392,0.8392,0.8392
42,3,0.83901,0.79476,0.75157,0.76872,0.83901,0.83901,0.83901
42,4,0.83975,0.79475,0.75503,0.77111,0.83975,0.83975,0.83975
42,5,0.83846,0.79259,0.75367,0.76947,0.83846,0.83846,0.83846
42,6,0.84012,0.79601,0.75404,0.77084,0.84012,0.84012,0.84012
42,7,0.83864,0.79208,0.75577,0.77072,0.83864,0.83864,0.83864
42,8,0.83864,0.79177,0.75651,0.77111,0.83864,0.83864,0.83864
42,9,0.83607,0.78757,0.75381,0.76784,0.83607,0.83607,0.83607
43,0,0.83643,0.78832,0.7538,0.7681,0.83643,0.83643,0.83643
43,1,0.83643,0.78597,0.76047,0.77157,0.83643,0.83643,0.83643
43,2,0.83957,0.79419,0.7554,0.77118,0.83957,0.83957,0.83957
43,3,0.83993,0.80062,0.74478,0.76555,0.83993,0.83993,0.83993
43,4,0.8333,0.77844,0.769,0.77348,0.8333,0.8333,0.8333
43,5,0.83551,0.78901,0.74751,0.76404,0.83551,0.83551,0.83551
43,6,0.83754,0.79706,0.74096,0.76168,0.83754,0.83754,0.83754
43,7,0.83735,0.78769,0.76059,0.77229,0.83735,0.83735,0.83735
43,8,0.83607,0.78498,0.76146,0.7718,0.83607,0.83607,0.83607
43,9,0.83754,0.78842,0.75948,0.77186,0.83754,0.83754,0.83754
44,0,0.83957,0.79913,0.74577,0.76586,0.83957,0.83957,0.83957
44,1,0.83846,0.79361,0.75145,0.76826,0.83846,0.83846,0.83846
44,2,0.83883,0.7959,0.74849,0.76688,0.83883,0.83883,0.83883
44,3,0.83993,0.79543,0.75441,0.77091,0.83993,0.83993,0.83993
44,4,0.83993,0.79591,0.75342,0.77038,0.83993,0.83993,0.83993
44,5,0.83662,0.78826,0.75491,0.76882,0.83662,0.83662,0.83662
44,6,0.83772,0.78974,0.75689,0.77065,0.83772,0.83772,0.83772
44,7,0.83607,0.78834,0.75183,0.76679,0.83607,0.83607,0.83607
44,8,0.84012,0.8066,0.73675,0.7609,0.84012,0.84012,0.84012
44,9,0.83883,0.79442,0.75145,0.76852,0.83883,0.83883,0.83883
45,0,0.83809,0.79235,0.75244,0.76854,0.83809,0.83809,0.83809
45,1,0.83662,0.78845,0.75442,0.76856,0.83662,0.83662,0.83662
45,2,0.8392,0.79084,0.76182,0.77425,0.8392,0.8392,0.8392
45,3,0.83791,0.79026,0.75651,0.77058,0.83791,0.83791,0.83791
45,4,0.83735,0.78919,0.75639,0.77012,0.83735,0.83735,0.83735
45,5,0.83735,0.78919,0.75639,0.77012,0.83735,0.83735,0.83735
45,6,0.83441,0.78817,0.74406,0.76134,0.83441,0.83441,0.83441
45,7,0.83183,0.78021,0.75098,0.76338,0.83183,0.83183,0.83183
45,8,0.84012,0.79498,0.75626,0.77203,0.84012,0.84012,0.84012
45,9,0.83551,0.78489,0.75838,0.76984,0.83551,0.83551,0.83551
46,0,0.83846,0.79911,0.74133,0.76252,0.83846,0.83846,0.83846
46,1,0.83735,0.79596,0.74207,0.7622,0.83735,0.83735,0.83735
46,2,0.83662,0.7859,0.76183,0.77239,0.83662,0.83662,0.83662
46,3,0.83625,0.7923,0.74405,0.76259,0.83625,0.83625,0.83625
46,4,0.83441,0.78275,0.75863,0.76918,0.83441,0.83441,0.83441
46,5,0.83146,0.77959,0.75074,0.76299,0.83146,0.83146,0.83146
46,6,0.83496,0.79239,0.73826,0.75834,0.83496,0.83496,0.83496
46,7,0.8333,0.77946,0.76382,0.77099,0.8333,0.8333,0.8333
46,8,0.8333,0.7793,0.76456,0.77135,0.8333,0.8333,0.8333
46,9,0.83754,0.79329,0.74787,0.76564,0.83754,0.83754,0.83754
47,0,0.83772,0.79453,0.74627,0.76487,0.83772,0.83772,0.83772
47,1,0.83367,0.78004,0.76406,0.77137,0.83367,0.83367,0.83367
47,2,0.83809,0.79292,0.75121,0.76787,0.83809,0.83809,0.83809
47,3,0.83717,0.79143,0.7501,0.76662,0.83717,0.83717,0.83717
47,4,0.83238,0.7791,0.75851,0.76768,0.83238,0.83238,0.83238
47,5,0.83404,0.78876,0.7411,0.75939,0.83404,0.83404,0.83404
47,6,0.83754,0.79522,0.74417,0.76354,0.83754,0.83754,0.83754
47,7,0.83643,0.79039,0.74887,0.76543,0.83643,0.83643,0.83643
47,8,0.83957,0.79557,0.75243,0.76958,0.83957,0.83957,0.83957
47,9,0.83699,0.7926,0.74677,0.76464,0.83699,0.83699,0.83699
48,0,0.83551,0.78474,0.75887,0.77009,0.83551,0.83551,0.83551
48,1,0.83109,0.77512,0.76778,0.7713,0.83109,0.83109,0.83109
48,2,0.8368,0.78859,0.75504,0.76902,0.8368,0.8368,0.8368
48,3,0.83551,0.78623,0.75443,0.76778,0.83551,0.83551,0.83551
48,4,0.83643,0.78552,0.76195,0.77232,0.83643,0.83643,0.83643
48,5,0.83607,0.78435,0.76368,0.77291,0.83607,0.83607,0.83607
48,6,0.83441,0.78547,0.75048,0.7649,0.83441,0.83441,0.83441
48,7,0.82796,0.7704,0.76717,0.76876,0.82796,0.82796,0.82796
48,8,0.83643,0.78721,0.75677,0.76966,0.83643,0.83643,0.83643
48,9,0.83514,0.78483,0.7564,0.76856,0.83514,0.83514,0.83514
49,0,0.83459,0.78571,0.75085,0.76523,0.83459,0.83459,0.83459
49,1,0.83293,0.78088,0.75567,0.76662,0.83293,0.83293,0.83293
49,2,0.83809,0.79068,0.75639,0.77065,0.83809,0.83809,0.83809
49,3,0.83901,0.79254,0.75651,0.77137,0.83901,0.83901,0.83901
49,4,0.83349,0.78273,0.75308,0.76564,0.83349,0.83349,0.83349
49,5,0.8368,0.78644,0.76121,0.77221,0.8368,0.8368,0.8368
49,6,0.83901,0.79488,0.75132,0.76858,0.83901,0.83901,0.83901
49,7,0.83496,0.78831,0.7464,0.76304,0.83496,0.83496,0.83496
49,8,0.83201,0.77721,0.76419,0.77024,0.83201,0.83201,0.83201
49,9,0.8403,0.79976,0.74774,0.7675,0.8403,0.8403,0.8403
50,0,0.83607,0.78814,0.75232,0.76705,0.83607,0.83607,0.83607
50,1,0.83717,0.79308,0.74664,0.7647,0.83717,0.83717,0.83717
50,2,0.83312,0.78383,0.74789,0.76259,0.83312,0.83312,0.83312
50,3,0.83699,0.79536,0.74158,0.76167,0.83699,0.83699,0.83699
50,4,0.83422,0.78652,0.7469,0.76281,0.83422,0.83422,0.83422
50,5,0.8392,0.80002,0.74281,0.76389,0.8392,0.8392,0.8392
50,6,0.8357,0.78586,0.75652,0.76901,0.8357,0.8357,0.8357
50,7,0.83643,0.79253,0.74442,0.76293,0.83643,0.83643,0.83643
50,8,0.83349,0.78151,0.75703,0.76771,0.83349,0.83349,0.83349
50,9,0.8368,0.79041,0.75059,0.76663,0.8368,0.8368,0.8368
